{
  "samples": 7269,
  "train_samples": 5815,
  "val_samples": 1454,
  "accuracy": 0.78060522696011,
  "precision": 0.8225806451612904,
  "recall": 0.7659574468085106,
  "f1": 0.7932598833441348,
  "errors": []
}